timestamp,service,level,message
1747123626,cart,INFO,Normal operation in cart
1747123626,payment,INFO,Normal operation in payment
1747123626,order,INFO,Normal operation in order
1747123671,cart,INFO,Normal operation in cart
1747123671,shipping,INFO,Normal operation in shipping
1747123671,order,INFO,Normal operation in order
1747123686,payment,INFO,Normal operation in payment
1747123686,order,INFO,Normal operation in order
1747123701,order,INFO,Normal operation in order
1747123716,frontend,INFO,Normal operation in frontend
1747123716,cart,INFO,Normal operation in cart
1747123716,payment,INFO,Normal operation in payment
1747123731,cart,INFO,Normal operation in cart
1747123731,order,INFO,Normal operation in order
1747123746,frontend,INFO,Normal operation in frontend
1747123761,frontend,INFO,Normal operation in frontend
1747123761,cart,INFO,Normal operation in cart
1747123761,payment,INFO,Normal operation in payment
1747123776,frontend,INFO,Normal operation in frontend
1747123776,cart,INFO,Normal operation in cart
1747123776,order,INFO,Normal operation in order
1747123791,frontend,INFO,Normal operation in frontend
1747123791,order,INFO,Normal operation in order
1747123806,frontend,INFO,Normal operation in frontend
1747123806,cart,INFO,Normal operation in cart
1747123821,frontend,INFO,Normal operation in frontend
1747123821,payment,INFO,Normal operation in payment
1747123836,order,INFO,Normal operation in order
1747123851,frontend,INFO,Normal operation in frontend
1747123851,shipping,INFO,Normal operation in shipping
1747123851,order,INFO,Normal operation in order
1747123866,cart,INFO,Normal operation in cart
1747123866,order,INFO,Normal operation in order
1747123881,order,INFO,Normal operation in order
1747123896,cart,INFO,Normal operation in cart
1747123911,shipping,INFO,Normal operation in shipping
1747123911,order,INFO,Normal operation in order
1747123926,cart,INFO,Normal operation in cart
1747123926,payment,INFO,Normal operation in payment
1747123926,shipping,ERROR,High latency usage detected in shipping
1747123941,payment,INFO,Normal operation in payment
1747123941,shipping,INFO,Normal operation in shipping
1747123956,shipping,ERROR,High latency usage detected in shipping
1747123971,frontend,INFO,Normal operation in frontend
1747123971,shipping,ERROR,High latency usage detected in shipping
1747123986,cart,INFO,Normal operation in cart
1747124001,cart,INFO,Normal operation in cart
1747124001,payment,INFO,Normal operation in payment
1747124001,order,INFO,Normal operation in order
1747124001,shipping,ERROR,High latency usage detected in shipping
1747124016,frontend,INFO,Normal operation in frontend
1747124016,shipping,INFO,Normal operation in shipping
1747124016,shipping,ERROR,High latency usage detected in shipping
1747124046,cart,INFO,Normal operation in cart
1747124046,shipping,ERROR,High latency usage detected in shipping
1747124061,shipping,ERROR,High latency usage detected in shipping
1747124076,frontend,INFO,Normal operation in frontend
1747124076,cart,INFO,Normal operation in cart
1747124076,order,INFO,Normal operation in order
1747124076,shipping,ERROR,High latency usage detected in shipping
1747124091,frontend,INFO,Normal operation in frontend
1747124091,shipping,ERROR,High latency usage detected in shipping
1747124106,frontend,INFO,Normal operation in frontend
1747124106,cart,INFO,Normal operation in cart
1747124106,payment,INFO,Normal operation in payment
1747124106,shipping,INFO,Normal operation in shipping
1747124106,order,INFO,Normal operation in order
1747124106,shipping,ERROR,High latency usage detected in shipping
1747124121,payment,INFO,Normal operation in payment
1747124121,shipping,INFO,Normal operation in shipping
1747124121,shipping,ERROR,High latency usage detected in shipping
1747124136,shipping,ERROR,High latency usage detected in shipping
1747124151,payment,INFO,Normal operation in payment
1747124151,shipping,INFO,Normal operation in shipping
1747124151,shipping,ERROR,High latency usage detected in shipping
1747124181,cart,INFO,Normal operation in cart
1747124181,payment,INFO,Normal operation in payment
1747124181,shipping,INFO,Normal operation in shipping
1747124196,shipping,INFO,Normal operation in shipping
1747124211,shipping,ERROR,High latency usage detected in shipping
